,Symbol,Type
0,2222.SR,TRENDING
1,A,SP500
2,AAL,SP500
3,AAL,ACTIVES
4,AAP,SP500
5,AAPL,SP500
6,AAPL,DJI
7,AAPL,NASDAQ
8,AAPL,ACTIVES
9,AAT,LOOSERS
10,ABBV,SP500
11,ABC,SP500
12,ABEV,ACTIVES
13,ABG,LOOSERS
14,ABMD,SP500
15,ABT,SP500
16,ABT,ACTIVES
17,ACA.PA,CAC40
18,ACA.PA,DAX
19,ACC,LOOSERS
20,ACCD,LOOSERS
21,ACH,LOOSERS
22,ACHC,LOOSERS
23,ACN,SP500
24,ADBE,SP500
25,ADBE,NASDAQ
26,ADBE,TRENDING
27,ADCT,LOOSERS
28,ADI,SP500
29,ADI,NASDAQ
30,ADM,SP500
31,ADNT,LOOSERS
32,ADP,SP500
33,ADP,NASDAQ
34,ADSK,SP500
35,ADSK,NASDAQ
36,AEE,SP500
37,AEP,SP500
38,AEP,NASDAQ
39,AES,ACTIVES
40,AES,SP500
41,AETUF,GAINERS
42,AFL,ACTIVES
43,AFL,SP500
44,AFRM,GAINERS
45,AGIO,GAINERS
46,AGNC,ACTIVES
47,AI.PA,CAC40
48,AI.PA,DAX
49,AIG,SP500
50,AIR.PA,CAC40
51,AIR.PA,DAX
52,AIRC,LOOSERS
53,AIZ,SP500
54,AJG,SP500
55,AJG,LOOSERS
56,AKAM,SP500
57,ALB,SP500
58,ALGN,NASDAQ
59,ALGN,SP500
60,ALK,SP500
61,ALL,SP500
62,ALLE,SP500
63,ALLK,GAINERS
64,ALO.PA,CAC40
65,ALO.PA,DAX
66,ALXN,SP500
67,ALXN,NASDAQ
68,ALXO,LOOSERS
69,AM,GAINERS
70,AMADY,LOOSERS
71,AMAT,NASDAQ
72,AMAT,SP500
73,AMAT,ACTIVES
74,AMC,ACTIVES
75,AMCR,SP500
76,AMCR,ACTIVES
77,AMD,SP500
78,AMD,NASDAQ
79,AMD,ACTIVES
80,AME,SP500
81,AMGN,ACTIVES
82,AMGN,SP500
83,AMGN,DJI
84,AMGN,NASDAQ
85,AMP,SP500
86,AMRS,TRENDING
87,AMRS,GAINERS
88,AMT,SP500
89,AMWL,GAINERS
90,AMZN,SP500
91,AMZN,NASDAQ
92,ANET,SP500
93,ANSS,NASDAQ
94,ANSS,SP500
95,ANTM,SP500
96,AON,SP500
97,AOS,SP500
98,APA,SP500
99,APA,ACTIVES
100,APD,SP500
101,APH,SP500
102,APLE,LOOSERS
103,APPS,GAINERS
104,APTV,SP500
105,AR,GAINERS
106,AR,ACTIVES
107,ARE,SP500
108,ARKF,TRENDING
109,ARMK,LOOSERS
110,ARNA,GAINERS
111,ARRY,ACTIVES
112,ASAN,LOOSERS
113,ASML,NASDAQ
114,ASR,LOOSERS
115,ATEC,TRENDING
116,ATO,SP500
117,ATO.PA,DAX
118,ATO.PA,CAC40
119,ATVI,SP500
120,ATVI,NASDAQ
121,ATVI,ACTIVES
122,AUY,ACTIVES
123,AVB,LOOSERS
124,AVB,SP500
125,AVGO,SP500
126,AVGO,NASDAQ
127,AVY,SP500
128,AWK,SP500
129,AXP,DJI
130,AXP,SP500
131,AXS,LOOSERS
132,AZEK,GAINERS
133,AZO,SP500
134,AZUL,GAINERS
135,B,LOOSERS
136,BA,ACTIVES
137,BA,SP500
138,BA,DJI
139,BABA,ACTIVES
140,BABWF,LOOSERS
141,BAC,ACTIVES
142,BAC,SP500
143,BAX,SP500
144,BBD,ACTIVES
145,BBIO,GAINERS
146,BBVXF,LOOSERS
147,BBY,GAINERS
148,BBY,SP500
149,BCAB,LOOSERS
150,BCLYF,LOOSERS
151,BCRX,ACTIVES
152,BCRX,GAINERS
153,BDX,SP500
154,BE,GAINERS
155,BEAM,GAINERS
156,BEKE,GAINERS
157,BEN,SP500
158,BF-A,LOOSERS
159,BF-B,LOOSERS
160,BF.B,SP500
161,BGNE,GAINERS
162,BGS,GAINERS
163,BIDU,NASDAQ
164,BIDU,LOOSERS
165,BIG,GAINERS
166,BIIB,SP500
167,BIIB,NASDAQ
168,BIO,SP500
169,BJ,GAINERS
170,BK,ACTIVES
171,BK,SP500
172,BKNG,SP500
173,BKNG,LOOSERS
174,BKNG,NASDAQ
175,BKR,SP500
176,BKR,ACTIVES
177,BLK,SP500
178,BLL,SP500
179,BLUE,GAINERS
180,BMWYY,LOOSERS
181,BMY,ACTIVES
182,BMY,SP500
183,BN.PA,CAC40
184,BN.PA,DAX
185,BNGO,ACTIVES
186,BNGO,GAINERS
187,BNP.PA,DAX
188,BNP.PA,CAC40
189,BNR,GAINERS
190,BOX,GAINERS
191,BPMC,GAINERS
192,BR,SP500
193,BRFS,GAINERS
194,BRK-B,ACTIVES
195,BRK.B,SP500
196,BRPHF,GAINERS
197,BSX,ACTIVES
198,BSX,SP500
199,BTBT,TRENDING
200,BTC-USD,TRENDING
201,BTG,ACTIVES
202,BUDFF,GAINERS
203,BWA,SP500
204,BXP,SP500
205,BYND,GAINERS
206,C,ACTIVES
207,C,SP500
208,CA.PA,DAX
209,CA.PA,CAC40
210,CABO,LOOSERS
211,CAG,SP500
212,CAGDF,LOOSERS
213,CAH,SP500
214,CAHPF,GAINERS
215,CAN,ACTIVES
216,CAN,LOOSERS
217,CAP.PA,DAX
218,CAP.PA,CAC40
219,CARR,SP500
220,CAT,SP500
221,CAT,DJI
222,CB,SP500
223,CB,LOOSERS
224,CBDT.CN,TRENDING
225,CBOE,SP500
226,CBRE,SP500
227,CCI,SP500
228,CCIV,ACTIVES
229,CCL,SP500
230,CCL,ACTIVES
231,CCXI,GAINERS
232,CDNA,GAINERS
233,CDNS,NASDAQ
234,CDNS,SP500
235,CDW,NASDAQ
236,CDW,SP500
237,CE,SP500
238,CERE,GAINERS
239,CERN,SP500
240,CERN,NASDAQ
241,CF,SP500
242,CFG,ACTIVES
243,CFG,SP500
244,CHD,SP500
245,CHKP,NASDAQ
246,CHRW,SP500
247,CHTR,NASDAQ
248,CHTR,SP500
249,CHWRF,LOOSERS
250,CHWY,GAINERS
251,CI,SP500
252,CIG,GAINERS
253,CIG,ACTIVES
254,CIG-C,GAINERS
255,CIHKY,LOOSERS
256,CINF,SP500
257,CKHUF,LOOSERS
258,CKHUY,LOOSERS
259,CL,ACTIVES
260,CL,SP500
261,CL=F,TRENDING
262,CLDR,ACTIVES
263,CLF,ACTIVES
264,CLNE,GAINERS
265,CLNE,ACTIVES
266,CLOV,ACTIVES
267,CLR,GAINERS
268,CLVT,ACTIVES
269,CLX,SP500
270,CMA,SP500
271,CMCSA,ACTIVES
272,CMCSA,SP500
273,CMCSA,NASDAQ
274,CME,SP500
275,CMG,SP500
276,CMI,SP500
277,CMS,SP500
278,CNC,SP500
279,CNI,TRENDING
280,CNP,SP500
281,CNR.TO,TRENDING
282,CNX,GAINERS
283,COF,SP500
284,COG,SP500
285,COO,SP500
286,COP,ACTIVES
287,COP,SP500
288,COST,NASDAQ
289,COST,SP500
290,CP,TRENDING
291,CP.TO,TRENDING
292,CPB,SP500
293,CPCAF,LOOSERS
294,CPG,GAINERS
295,CPKPY,LOOSERS
296,CPRT,NASDAQ
297,CPRT,SP500
298,CPT,LOOSERS
299,CRC,GAINERS
300,CRM,DJI
301,CRM,SP500
302,CRSP,GAINERS
303,CS.PA,CAC40
304,CS.PA,DAX
305,CSCO,DJI
306,CSCO,NASDAQ
307,CSCO,ACTIVES
308,CSCO,SP500
309,CSIQ,GAINERS
310,CSX,NASDAQ
311,CSX,SP500
312,CSX,TRENDING
313,CTAS,NASDAQ
314,CTAS,SP500
315,CTLT,SP500
316,CTSH,SP500
317,CTSH,NASDAQ
318,CTVA,SP500
319,CTXS,SP500
320,CUBE,LOOSERS
321,CUZ,LOOSERS
322,CVAC,GAINERS
323,CVCO,GAINERS
324,CVET,GAINERS
325,CVS,SP500
326,CVX,ACTIVES
327,CVX,DJI
328,CVX,SP500
329,CX,LOOSERS
330,CZR,ACTIVES
331,D,SP500
332,DAL,SP500
333,DAL,ACTIVES
334,DCPH,GAINERS
335,DD,SP500
336,DDD,LOOSERS
337,DE,SP500
338,DEI,LOOSERS
339,DEN,GAINERS
340,DFH,LOOSERS
341,DFIFF,GAINERS
342,DFS,SP500
343,DG,SP500
344,DG,GAINERS
345,DG.PA,CAC40
346,DG.PA,DAX
347,DGX,SP500
348,DHI,SP500
349,DHR,SP500
350,DIOD,GAINERS
351,DIS,SP500
352,DIS,DJI
353,DIS,ACTIVES
354,DISCA,SP500
355,DISCK,SP500
356,DISH,SP500
357,DKNG,ACTIVES
358,DKNG,GAINERS
359,DKS,GAINERS
360,DLAKY,LOOSERS
361,DLR,SP500
362,DLTR,NASDAQ
363,DLTR,SP500
364,DM,GAINERS
365,DM,ACTIVES
366,DNLI,GAINERS
367,DNMR,GAINERS
368,DOC,LOOSERS
369,DOCU,NASDAQ
370,DOV,SP500
371,DOW,SP500
372,DOW,DJI
373,DOYU,GAINERS
374,DPZ,SP500
375,DRE,SP500
376,DRH,LOOSERS
377,DRI,SP500
378,DSP,GAINERS
379,DSY.PA,CAC40
380,DSY.PA,DAX
381,DTE,SP500
382,DUK,ACTIVES
383,DUK,SP500
384,DVA,SP500
385,DVN,ACTIVES
386,DVN,SP500
387,DXC,SP500
388,DXCM,NASDAQ
389,DXCM,SP500
390,EA,NASDAQ
391,EA,SP500
392,EBAY,SP500
393,EBAY,NASDAQ
394,EBR-B,GAINERS
395,ECL,SP500
396,ED,SP500
397,EDIT,GAINERS
398,EEENF,TRENDING
399,EEFT,LOOSERS
400,EFX,SP500
401,EGP,LOOSERS
402,EIX,SP500
403,EL,SP500
404,EL.PA,DAX
405,EL.PA,CAC40
406,ELAN,LOOSERS
407,ELY,LOOSERS
408,EMN,SP500
409,EMR,SP500
410,EN.PA,CAC40
411,EN.PA,DAX
412,ENGI.PA,CAC40
413,ENGI.PA,DAX
414,ENPH,SP500
415,ENPH,GAINERS
416,EOG,SP500
417,EPRT,LOOSERS
418,EQIX,SP500
419,EQR,LOOSERS
420,EQR,SP500
421,EQT,GAINERS
422,ERIXF,LOOSERS
423,ES,SP500
424,ESS,SP500
425,ESS,LOOSERS
426,ET,ACTIVES
427,ETN,LOOSERS
428,ETN,SP500
429,ETN,ACTIVES
430,ETR,SP500
431,ETRN,GAINERS
432,ETSY,SP500
433,EVRG,SP500
434,EW,SP500
435,EXAS,GAINERS
436,EXC,SP500
437,EXC,NASDAQ
438,EXPD,SP500
439,EXPE,SP500
440,EXPI,GAINERS
441,EXR,LOOSERS
442,EXR,SP500
443,F,ACTIVES
444,F,SP500
445,FANG,SP500
446,FANUY,LOOSERS
447,FAST,ACTIVES
448,FAST,SP500
449,FAST,NASDAQ
450,FATE,GAINERS
451,FB,SP500
452,FB,ACTIVES
453,FB,NASDAQ
454,FB,GAINERS
455,FBHS,SP500
456,FCEL,ACTIVES
457,FCEL,GAINERS
458,FCFS,LOOSERS
459,FCX,SP500
460,FCX,ACTIVES
461,FDVRF,GAINERS
462,FDX,ACTIVES
463,FDX,SP500
464,FDX,GAINERS
465,FE,SP500
466,FFIV,SP500
467,FGEN,GAINERS
468,FHN,ACTIVES
469,FINV,LOOSERS
470,FIS,SP500
471,FISV,SP500
472,FISV,NASDAQ
473,FITB,ACTIVES
474,FITB,SP500
475,FITGF,GAINERS
476,FIVE,GAINERS
477,FLIR,SP500
478,FLOW,LOOSERS
479,FLR,LOOSERS
480,FLS,SP500
481,FLS,ACTIVES
482,FLT,SP500
483,FMC,SP500
484,FND,GAINERS
485,FNF,LOOSERS
486,FOX,SP500
487,FOX,NASDAQ
488,FOXA,NASDAQ
489,FOXA,SP500
490,FP.PA,CAC40
491,FP.PA,DAX
492,FQVLF,LOOSERS
493,FRC,SP500
494,FROG,GAINERS
495,FRT,SP500
496,FSR,ACTIVES
497,FSS,LOOSERS
498,FTCH,ACTIVES
499,FTI,ACTIVES
500,FTNT,SP500
501,FTV,SP500
502,FUBO,GAINERS
503,GBCI,LOOSERS
504,GBOOY,LOOSERS
505,GCPEF,LOOSERS
506,GD,SP500
507,GE,SP500
508,GE,ACTIVES
509,GFI,ACTIVES
510,GGB,ACTIVES
511,GILD,SP500
512,GILD,NASDAQ
513,GILD,ACTIVES
514,GIS,SP500
515,GL,SP500
516,GLCNF,LOOSERS
517,GLE.PA,CAC40
518,GLE.PA,DAX
519,GLW,ACTIVES
520,GLW,SP500
521,GM,SP500
522,GM,ACTIVES
523,GME,ACTIVES
524,GNRC,ACTIVES
525,GOEV,ACTIVES
526,GOLD,ACTIVES
527,GOOG,SP500
528,GOOG,NASDAQ
529,GOOGL,NASDAQ
530,GOOGL,SP500
531,GPC,SP500
532,GPN,SP500
533,GPS,SP500
534,GRMN,SP500
535,GRWG,GAINERS
536,GS,DJI
537,GS,SP500
538,GSAT,ACTIVES
539,GSX,LOOSERS
540,GWW,SP500
541,HAL,SP500
542,HAL,ACTIVES
543,HAS,SP500
544,HBAN,SP500
545,HBAN,ACTIVES
546,HBI,SP500
547,HCA,SP500
548,HD,DJI
549,HD,SP500
550,HD,ACTIVES
551,HEI,LOOSERS
552,HES,SP500
553,HFC,SP500
554,HIG,ACTIVES
555,HIG,SP500
556,HII,SP500
557,HIMS,TRENDING
558,HIMS,LOOSERS
559,HL,ACTIVES
560,HLT,SP500
561,HNHPF,LOOSERS
562,HO.PA,CAC40
563,HO.PA,DAX
564,HOLX,SP500
565,HOME,GAINERS
566,HON,SP500
567,HON,DJI
568,HPE,ACTIVES
569,HPE,SP500
570,HPQ,SP500
571,HPQ,ACTIVES
572,HRL,SP500
573,HSIC,SP500
574,HST,SP500
575,HSY,SP500
576,HUBS,GAINERS
577,HUM,SP500
578,HUYA,GAINERS
579,HWM,SP500
580,IBM,DJI
581,IBM,SP500
582,ICE,SP500
583,IDXX,NASDAQ
584,IDXX,SP500
585,IEX,SP500
586,IFF,SP500
587,IGMS,GAINERS
588,ILMN,NASDAQ
589,ILMN,SP500
590,IMPUY,LOOSERS
591,INCY,NASDAQ
592,INCY,SP500
593,INFO,SP500
594,INFY,ACTIVES
595,INO,ACTIVES
596,INTC,NASDAQ
597,INTC,DJI
598,INTC,ACTIVES
599,INTC,SP500
600,INTU,NASDAQ
601,INTU,SP500
602,IP,SP500
603,IPAR,LOOSERS
604,IPG,ACTIVES
605,IPG,SP500
606,IPGP,SP500
607,IQ,GAINERS
608,IQV,SP500
609,IR,SP500
610,IRM,SP500
611,IRTC,GAINERS
612,ISRG,NASDAQ
613,ISRG,SP500
614,IT,SP500
615,ITUB,ACTIVES
616,ITW,SP500
617,IVZ,SP500
618,J,SP500
619,JBGS,LOOSERS
620,JBHT,SP500
621,JBSAY,GAINERS
622,JCI,SP500
623,JD,NASDAQ
624,JD,ACTIVES
625,JKHY,SP500
626,JMIA,ACTIVES
627,JNJ,DJI
628,JNJ,SP500
629,JNJ,ACTIVES
630,JNPR,SP500
631,JPM,ACTIVES
632,JPM,DJI
633,JPM,SP500
634,JUSHF,TRENDING
635,K,SP500
636,KDP,NASDAQ
637,KDP,ACTIVES
638,KER.PA,DAX
639,KER.PA,CAC40
640,KEY,SP500
641,KEY,ACTIVES
642,KEYS,SP500
643,KGC,ACTIVES
644,KHC,SP500
645,KHC,NASDAQ
646,KIM,SP500
647,KLAC,SP500
648,KLAC,NASDAQ
649,KMB,SP500
650,KMI,ACTIVES
651,KMI,SP500
652,KMX,SP500
653,KO,SP500
654,KO,DJI
655,KO,ACTIVES
656,KOD,GAINERS
657,KR,ACTIVES
658,KR,SP500
659,KSU,SP500
660,KSU,TRENDING
661,L,SP500
662,LAMR,LOOSERS
663,LAZR,ACTIVES
664,LAZR,GAINERS
665,LB,SP500
666,LBRT,LOOSERS
667,LCII,LOOSERS
668,LDI,GAINERS
669,LDOS,SP500
670,LEA,LOOSERS
671,LEG,SP500
672,LEN,SP500
673,LGGNF,LOOSERS
674,LH,SP500
675,LHX,SP500
676,LI,ACTIVES
677,LI,GAINERS
678,LIN,SP500
679,LKNCY,GAINERS
680,LKQ,SP500
681,LLDTF,GAINERS
682,LLY,SP500
683,LMT,SP500
684,LNC,SP500
685,LNT,SP500
686,LOW,SP500
687,LR.PA,DAX
688,LR.PA,CAC40
689,LRCX,SP500
690,LRCX,NASDAQ
691,LRENY,GAINERS
692,LSI,LOOSERS
693,LTGHY,GAINERS
694,LULU,NASDAQ
695,LUMN,ACTIVES
696,LUMN,SP500
697,LUV,SP500
698,LVS,SP500
699,LW,SP500
700,LX,LOOSERS
701,LYB,SP500
702,LYV,SP500
703,LYV,LOOSERS
704,M,ACTIVES
705,MA,SP500
706,MA,ACTIVES
707,MA,LOOSERS
708,MAA,SP500
709,MAA,LOOSERS
710,MAR,SP500
711,MAR,NASDAQ
712,MARA,ACTIVES
713,MAS,SP500
714,MC.PA,DAX
715,MC.PA,CAC40
716,MCD,DJI
717,MCD,SP500
718,MCHP,NASDAQ
719,MCHP,SP500
720,MCK,SP500
721,MCO,SP500
722,MDLZ,ACTIVES
723,MDLZ,SP500
724,MDLZ,NASDAQ
725,MDT,SP500
726,MELI,NASDAQ
727,MET,SP500
728,MET,ACTIVES
729,MGM,SP500
730,MGNI,GAINERS
731,MGY,GAINERS
732,MHK,SP500
733,MKC,SP500
734,MKTX,SP500
735,ML.PA,CAC40
736,ML.PA,DAX
737,MLM,SP500
738,MMC,SP500
739,MMEDF,TRENDING
740,MMM,DJI
741,MMM,SP500
742,MNST,SP500
743,MNST,NASDAQ
744,MO,ACTIVES
745,MO,SP500
746,MODV,GAINERS
747,MOS,SP500
748,MP,GAINERS
749,MP,ACTIVES
750,MPC,SP500
751,MPC,ACTIVES
752,MPWR,SP500
753,MRK,ACTIVES
754,MRK,DJI
755,MRK,SP500
756,MRNA,NASDAQ
757,MRO,SP500
758,MRO,ACTIVES
759,MRVL,NASDAQ
760,MS,ACTIVES
761,MS,SP500
762,MSA,LOOSERS
763,MSCI,SP500
764,MSFT,DJI
765,MSFT,TRENDING
766,MSFT,ACTIVES
767,MSFT,SP500
768,MSFT,NASDAQ
769,MSI,SP500
770,MSTR,GAINERS
771,MT.AS,CAC40
772,MT.AS,DAX
773,MTB,SP500
774,MTCH,NASDAQ
775,MTD,SP500
776,MTDR,GAINERS
777,MTLS,GAINERS
778,MU,ACTIVES
779,MU,NASDAQ
780,MU,SP500
781,MUR,GAINERS
782,MUSA,GAINERS
783,MVIS,GAINERS
784,MXIM,SP500
785,MXIM,NASDAQ
786,NAVI,GAINERS
787,NCLH,ACTIVES
788,NCLH,SP500
789,NDAQ,SP500
790,NEE,ACTIVES
791,NEE,SP500
792,NEM,SP500
793,NEM,ACTIVES
794,NFE,GAINERS
795,NFLX,NASDAQ
796,NFLX,SP500
797,NG,GAINERS
798,NI,SP500
799,NIO,ACTIVES
800,NIO,TRENDING
801,NIO,GAINERS
802,NKE,SP500
803,NKE,ACTIVES
804,NKE,DJI
805,NKE,LOOSERS
806,NKLA,GAINERS
807,NLOK,SP500
808,NLSN,SP500
809,NLY,ACTIVES
810,NMIH,LOOSERS
811,NNDM,ACTIVES
812,NNN,LOOSERS
813,NNOX,GAINERS
814,NOC,SP500
815,NOK,ACTIVES
816,NOKPF,GAINERS
817,NOV,SP500
818,NOV,LOOSERS
819,NOVA,GAINERS
820,NOW,SP500
821,NPSNY,GAINERS
822,NQ=F,TRENDING
823,NRG,SP500
824,NRG,ACTIVES
825,NSA,LOOSERS
826,NSC,SP500
827,NSTG,GAINERS
828,NTAP,SP500
829,NTCO,GAINERS
830,NTES,GAINERS
831,NTES,NASDAQ
832,NTLA,GAINERS
833,NTRA,GAINERS
834,NTRS,SP500
835,NUAN,GAINERS
836,NUE,SP500
837,NVAX,GAINERS
838,NVDA,NASDAQ
839,NVDA,SP500
840,NVR,SP500
841,NVTA,GAINERS
842,NWAU,GAINERS
843,NWL,SP500
844,NWS,SP500
845,NWSA,SP500
846,NXPI,ACTIVES
847,NXPI,NASDAQ
848,O,SP500
849,OCDX,ACTIVES
850,OCDX,GAINERS
851,ODFL,SP500
852,OKE,SP500
853,OKTA,NASDAQ
854,OLLI,GAINERS
855,OMAB,LOOSERS
856,OMC,SP500
857,OMCL,LOOSERS
858,OPEN,ACTIVES
859,OPK,GAINERS
860,OPK,ACTIVES
861,OR.PA,CAC40
862,OR.PA,DAX
863,ORA.PA,CAC40
864,ORA.PA,DAX
865,ORCL,SP500
866,ORCL,ACTIVES
867,ORGO,GAINERS
868,ORLY,NASDAQ
869,ORLY,SP500
870,OTGLY,LOOSERS
871,OTIS,SP500
872,OVV,GAINERS
873,OXY,GAINERS
874,OXY,SP500
875,OXY,ACTIVES
876,PAC,LOOSERS
877,PACB,GAINERS
878,PAX,LOOSERS
879,PAYC,SP500
880,PAYX,NASDAQ
881,PAYX,SP500
882,PBCT,ACTIVES
883,PBCT,SP500
884,PBR,ACTIVES
885,PBR-A,GAINERS
886,PCAR,NASDAQ
887,PCAR,SP500
888,PCCYF,LOOSERS
889,PCG,ACTIVES
890,PD,GAINERS
891,PDCE,GAINERS
892,PDD,NASDAQ
893,PDM,LOOSERS
894,PEAK,SP500
895,PEG,SP500
896,PEN,LOOSERS
897,PENN,ACTIVES
898,PENN,GAINERS
899,PEP,ACTIVES
900,PEP,NASDAQ
901,PEP,SP500
902,PFE,SP500
903,PFE,ACTIVES
904,PFE,TRENDING
905,PFG,SP500
906,PFSI,LOOSERS
907,PG,ACTIVES
908,PG,SP500
909,PG,DJI
910,PGR,SP500
911,PH,SP500
912,PHI,LOOSERS
913,PHM,SP500
914,PINS,ACTIVES
915,PINS,GAINERS
916,PKG,SP500
917,PKI,SP500
918,PLD,SP500
919,PLNT,LOOSERS
920,PLTR,ACTIVES
921,PLUG,GAINERS
922,PLUG,ACTIVES
923,PM,SP500
924,PNC,SP500
925,PNR,SP500
926,PNW,SP500
927,POAHY,GAINERS
928,POOL,SP500
929,POSH,GAINERS
930,PPG,SP500
931,PPL,ACTIVES
932,PPL,SP500
933,PRGO,SP500
934,PRLD,GAINERS
935,PRO,GAINERS
936,PRU,SP500
937,PSA,LOOSERS
938,PSA,SP500
939,PSX,SP500
940,PSXP,GAINERS
941,PTAIF,LOOSERS
942,PTON,GAINERS
943,PTON,NASDAQ
944,PTON,ACTIVES
945,PUB.PA,CAC40
946,PUB.PA,DAX
947,PUBGY,LOOSERS
948,PVH,SP500
949,PWR,SP500
950,PXD,SP500
951,PYPL,SP500
952,PYPL,NASDAQ
953,QCOM,ACTIVES
954,QCOM,NASDAQ
955,QCOM,SP500
956,QFIN,LOOSERS
957,QRVO,SP500
958,QS,GAINERS
959,QS,ACTIVES
960,RAAS,GAINERS
961,RARE,GAINERS
962,RCL,SP500
963,RCUS,GAINERS
964,RDFN,GAINERS
965,RE,SP500
966,RE,LOOSERS
967,REG,SP500
968,REGN,NASDAQ
969,REGN,SP500
970,RETA,GAINERS
971,RF,SP500
972,RF,ACTIVES
973,RH,GAINERS
974,RHI,SP500
975,RI.PA,DAX
976,RI.PA,CAC40
977,RIDE,ACTIVES
978,RIG,ACTIVES
979,RIOT,ACTIVES
980,RJF,SP500
981,RKT,ACTIVES
982,RL,SP500
983,RLI,LOOSERS
984,RLLCF,LOOSERS
985,RLX,GAINERS
986,RMD,SP500
987,RMS.PA,CAC40
988,RMS.PA,DAX
989,RNECY,LOOSERS
990,RNO.PA,DAX
991,RNO.PA,CAC40
992,RNR,LOOSERS
993,ROK,SP500
994,ROL,SP500
995,ROOT,GAINERS
996,ROP,SP500
997,ROST,SP500
998,ROST,NASDAQ
999,RPD,GAINERS
1000,RPRX,ACTIVES
1001,RRC,ACTIVES
1002,RRC,GAINERS
1003,RSG,SP500
1004,RTX,SP500
1005,RTX,ACTIVES
1006,RUBY,GAINERS
1007,RUN,GAINERS
1008,RVMD,GAINERS
1009,RXT,ACTIVES
1010,RXT,GAINERS
1011,RYAAY,LOOSERS
1012,RYCEF,LOOSERS
1013,RYCEY,LOOSERS
1014,RYCEY,ACTIVES
1015,RYN,LOOSERS
1016,SAF.PA,CAC40
1017,SAF.PA,DAX
1018,SAM,GAINERS
1019,SAN.PA,CAC40
1020,SAN.PA,DAX
1021,SANA,GAINERS
1022,SBAC,SP500
1023,SBGI,LOOSERS
1024,SBSW,LOOSERS
1025,SBUX,ACTIVES
1026,SBUX,SP500
1027,SBUX,NASDAQ
1028,SC,LOOSERS
1029,SCHW,SP500
1030,SDGR,GAINERS
1031,SEDG,GAINERS
1032,SEE,SP500
1033,SEER,GAINERS
1034,SEM,LOOSERS
1035,SF,LOOSERS
1036,SGEN,NASDAQ
1037,SGFY,LOOSERS
1038,SGO.PA,DAX
1039,SGO.PA,CAC40
1040,SHLX,TRENDING
1041,SHO,LOOSERS
1042,SHW,SP500
1043,SI,GAINERS
1044,SID,LOOSERS
1045,SIGI,LOOSERS
1046,SIRI,NASDAQ
1047,SIRI,ACTIVES
1048,SIVB,SP500
1049,SJI,GAINERS
1050,SJM,SP500
1051,SKLZ,LOOSERS
1052,SKLZ,ACTIVES
1053,SKY,GAINERS
1054,SLB,ACTIVES
1055,SLB,SP500
1056,SLG,ACTIVES
1057,SLG,SP500
1058,SLM,ACTIVES
1059,SLQT,ACTIVES
1060,SM,ACTIVES
1061,SM,GAINERS
1062,SMTC,GAINERS
1063,SNA,SP500
1064,SNAP,ACTIVES
1065,SNBR,GAINERS
1066,SNDL,ACTIVES
1067,SNPS,NASDAQ
1068,SNPS,SP500
1069,SO,SP500
1070,SPG,SP500
1071,SPGI,SP500
1072,SPLK,NASDAQ
1073,SPWR,GAINERS
1074,SRE,SP500
1075,SRNE,ACTIVES
1076,STAA,GAINERS
1077,STE,SP500
1078,STIC,TRENDING
1079,STLA,LOOSERS
1080,STLA.PA,DAX
1081,STLA.PA,CAC40
1082,STLFF,LOOSERS
1083,STM,GAINERS
1084,STM.PA,DAX
1085,STM.PA,CAC40
1086,STOR,LOOSERS
1087,STT,SP500
1088,STX,SP500
1089,STZ,SP500
1090,SU.PA,DAX
1091,SU.PA,CAC40
1092,SUMO,LOOSERS
1093,SVC,LOOSERS
1094,SVRGF,GAINERS
1095,SWAV,GAINERS
1096,SWK,SP500
1097,SWKS,NASDAQ
1098,SWKS,SP500
1099,SWN,ACTIVES
1100,SWN,GAINERS
1101,SYF,SP500
1102,SYK,SP500
1103,SYY,SP500
1104,T,ACTIVES
1105,T,SP500
1106,TAP,SP500
1107,TAWNF,GAINERS
1108,TBVPF,LOOSERS
1109,TCNNF,LOOSERS
1110,TCOM,NASDAQ
1111,TDG,SP500
1112,TDY,SP500
1113,TEAM,NASDAQ
1114,TECK,LOOSERS
1115,TEL,SP500
1116,TEP.PA,CAC40
1117,TEP.PA,DAX
1118,TER,SP500
1119,TFC,ACTIVES
1120,TFC,SP500
1121,TFX,SP500
1122,TGOPY,LOOSERS
1123,TGT,SP500
1124,TGT,GAINERS
1125,TGTX,GAINERS
1126,THETA-USD,TRENDING
1127,THNPY,LOOSERS
1128,TIIAY,LOOSERS
1129,TIL,GAINERS
1130,TJX,ACTIVES
1131,TJX,SP500
1132,TKGBY,GAINERS
1133,TLRY,ACTIVES
1134,TME,GAINERS
1135,TME,ACTIVES
1136,TMO,SP500
1137,TMUS,NASDAQ
1138,TMUS,SP500
1139,TMVWY,LOOSERS
1140,TNDM,GAINERS
1141,TOSYY,GAINERS
1142,TPL,GAINERS
1143,TPR,SP500
1144,TRMB,SP500
1145,TROW,SP500
1146,TRV,SP500
1147,TRV,LOOSERS
1148,TRV,DJI
1149,TSCO,SP500
1150,TSE,LOOSERS
1151,TSLA,ACTIVES
1152,TSLA,NASDAQ
1153,TSLA,SP500
1154,TSM,ACTIVES
1155,TSN,SP500
1156,TSNPD,GAINERS
1157,TT,SP500
1158,TTD,GAINERS
1159,TTEK,LOOSERS
1160,TTWO,SP500
1161,TUIFY,LOOSERS
1162,TV,GAINERS
1163,TWST,GAINERS
1164,TWTR,SP500
1165,TWTR,ACTIVES
1166,TXG,GAINERS
1167,TXN,SP500
1168,TXN,NASDAQ
1169,TXT,SP500
1170,TYL,SP500
1171,UA,SP500
1172,UAA,SP500
1173,UAL,ACTIVES
1174,UAL,SP500
1175,UBER,ACTIVES
1176,UDR,LOOSERS
1177,UDR,SP500
1178,UGP,GAINERS
1179,UHS,SP500
1180,ULTA,SP500
1181,UMICY,LOOSERS
1182,UNCRY,LOOSERS
1183,UNH,DJI
1184,UNH,SP500
1185,UNM,SP500
1186,UNP,TRENDING
1187,UNP,SP500
1188,UPS,SP500
1189,UPS,ACTIVES
1190,UPST,GAINERS
1191,URI,SP500
1192,URW.AS,DAX
1193,URW.AS,CAC40
1194,USB,SP500
1195,USB,ACTIVES
1196,UTZ,GAINERS
1197,UWMC,ACTIVES
1198,V,LOOSERS
1199,V,DJI
1200,V,SP500
1201,V,ACTIVES
1202,VALE,ACTIVES
1203,VAR,SP500
1204,VCEL,ACTIVES
1205,VCEL,GAINERS
1206,VCYT,GAINERS
1207,VEON,ACTIVES
1208,VERX,GAINERS
1209,VFC,SP500
1210,VIAC,SP500
1211,VIAC,ACTIVES
1212,VIE.PA,DAX
1213,VIE.PA,CAC40
1214,VIV.PA,CAC40
1215,VIV.PA,DAX
1216,VLKAF,LOOSERS
1217,VLO,ACTIVES
1218,VLO,SP500
1219,VLY,ACTIVES
1220,VMC,SP500
1221,VNET,LOOSERS
1222,VNO,SP500
1223,VNT,ACTIVES
1224,VNT,SP500
1225,VRSK,NASDAQ
1226,VRSK,SP500
1227,VRSN,NASDAQ
1228,VRSN,SP500
1229,VRTX,SP500
1230,VRTX,NASDAQ
1231,VSTO,GAINERS
1232,VTR,SP500
1233,VTRS,SP500
1234,VTRS,TRENDING
1235,VTRS,ACTIVES
1236,VWAGY,LOOSERS
1237,VXF,TRENDING
1238,VYGVF,GAINERS
1239,VZ,SP500
1240,VZ,ACTIVES
1241,VZ,DJI
1242,WAB,SP500
1243,WAT,SP500
1244,WBA,ACTIVES
1245,WBA,NASDAQ
1246,WBA,DJI
1247,WBA,SP500
1248,WD,LOOSERS
1249,WDAY,NASDAQ
1250,WDC,SP500
1251,WEC,SP500
1252,WELL,SP500
1253,WFC,SP500
1254,WFC,ACTIVES
1255,WFC,LOOSERS
1256,WHR,SP500
1257,WIX,LOOSERS
1258,WLN.PA,CAC40
1259,WLN.PA,DAX
1260,WLTW,SP500
1261,WM,SP500
1262,WMB,SP500
1263,WMB,ACTIVES
1264,WMT,SP500
1265,WMT,DJI
1266,WMT,ACTIVES
1267,WORK,ACTIVES
1268,WRB,LOOSERS
1269,WRB,SP500
1270,WRK,SP500
1271,WSM,GAINERS
1272,WST,SP500
1273,WTBDY,LOOSERS
1274,WU,SP500
1275,WU,ACTIVES
1276,WXXWY,LOOSERS
1277,WY,SP500
1278,WYNN,SP500
1279,X,ACTIVES
1280,XEL,NASDAQ
1281,XEL,SP500
1282,XLNX,SP500
1283,XLNX,NASDAQ
1284,XOM,SP500
1285,XOM,ACTIVES
1286,XP,GAINERS
1287,XPEV,ACTIVES
1288,XPEV,GAINERS
1289,XRAY,SP500
1290,XRX,ACTIVES
1291,XRX,SP500
1292,XYL,SP500
1293,YAHOY,LOOSERS
1294,YALA,GAINERS
1295,YUM,SP500
1296,ZBH,SP500
1297,ZBRA,SP500
1298,ZIM,GAINERS
1299,ZION,SP500
1300,ZM,NASDAQ
1301,ZNGA,ACTIVES
1302,ZTO,LOOSERS
1303,ZTS,SP500
